Contenuto,IdAlbum,IdCanzone
Contenuto,1,1
Contenuto,1,2
Contenuto,1,3
Contenuto,1,4
Contenuto,1,5
Contenuto,1,6
Contenuto,1,7
Contenuto,1,8
Contenuto,1,9
Contenuto,1,10
Contenuto,2,11
Contenuto,2,12
Contenuto,2,13
Contenuto,2,14
Contenuto,2,15
Contenuto,2,16
Contenuto,2,17
Contenuto,2,18
Contenuto,3,19
Contenuto,3,20
Contenuto,3,21
Contenuto,3,22
Contenuto,3,23
Contenuto,3,24
Contenuto,3,25
Contenuto,3,26
Contenuto,4,27
Contenuto,4,28
Contenuto,4,29
Contenuto,4,30
Contenuto,4,31
Contenuto,4,32
Contenuto,4,33
Contenuto,4,34
Contenuto,4,35
Contenuto,5,36
Contenuto,5,37
Contenuto,5,38
Contenuto,5,39
Contenuto,5,40
Contenuto,5,41
Contenuto,5,42
Contenuto,5,43
Contenuto,5,44
Contenuto,5,45
Contenuto,5,46
Contenuto,5,47
Contenuto,6,48
Contenuto,6,49
Contenuto,6,50
Contenuto,6,51
Contenuto,6,52
Contenuto,6,53
Contenuto,6,54
Contenuto,6,55
Contenuto,6,56
Contenuto,6,57
Contenuto,7,58
Contenuto,7,59
Contenuto,7,60
Contenuto,7,61
Contenuto,7,62
Contenuto,7,63
Contenuto,7,64
Contenuto,7,65
Contenuto,7,66
Contenuto,7,67
Contenuto,8,68
Contenuto,8,69
Contenuto,8,70
Contenuto,8,71
Contenuto,8,72
Contenuto,8,73
Contenuto,8,74
Contenuto,8,75
Contenuto,8,76
Contenuto,8,77
Contenuto,8,78
Contenuto,8,79
Contenuto,9,80
Contenuto,9,81
Contenuto,9,82
Contenuto,9,83
Contenuto,9,84
Contenuto,9,85
Contenuto,9,86
Contenuto,9,87
Contenuto,9,88
Contenuto,9,89
Contenuto,9,90
Contenuto,10,91
Contenuto,10,92
Contenuto,10,93
Contenuto,10,94
Contenuto,10,95
Contenuto,10,96
Contenuto,10,97
Contenuto,10,98
Contenuto,10,99
Contenuto,10,100
Contenuto,11,101
Contenuto,11,102
Contenuto,11,103
Contenuto,11,104
Contenuto,11,105
Contenuto,11,106
Contenuto,11,107
Contenuto,11,108
Contenuto,11,109
Contenuto,11,110
Contenuto,11,111
Contenuto,11,112
Contenuto,12,113
Contenuto,12,114
Contenuto,12,115
Contenuto,12,116
Contenuto,12,117
Contenuto,12,118
Contenuto,12,119
Contenuto,12,120
Contenuto,13,121
Contenuto,13,122
Contenuto,13,123
Contenuto,13,124
Contenuto,13,125
Contenuto,13,126
Contenuto,13,127
Contenuto,13,128
Contenuto,13,129
Contenuto,13,130
Contenuto,13,131
Contenuto,13,132
Contenuto,13,133
Contenuto,13,134
Contenuto,13,135
Contenuto,13,136
Contenuto,14,137
Contenuto,14,138
Contenuto,14,139
Contenuto,14,140
Contenuto,14,141
Contenuto,14,142
Contenuto,14,143
Contenuto,14,144
Contenuto,14,145
Contenuto,14,146
Contenuto,14,147
Contenuto,14,148
Contenuto,14,149
Contenuto,14,150
Contenuto,15,151
Contenuto,15,152
Contenuto,15,153
Contenuto,15,154
Contenuto,15,155
Contenuto,15,156
Contenuto,15,157
Contenuto,15,158
Contenuto,15,159
Contenuto,15,160
Contenuto,15,161
Contenuto,15,162
Contenuto,16,163
Contenuto,16,164
Contenuto,16,165
Contenuto,16,166
Contenuto,16,167
Contenuto,16,168
Contenuto,16,169
Contenuto,16,170
Contenuto,16,171
Contenuto,16,172
Contenuto,16,173
Contenuto,17,174
Contenuto,17,175
Contenuto,17,176
Contenuto,17,177
Contenuto,17,178
Contenuto,17,179
Contenuto,17,180
Contenuto,17,181
Contenuto,17,182
Contenuto,17,183
Contenuto,17,184
Contenuto,17,185
Contenuto,17,186
Contenuto,17,187
Contenuto,18,188
Contenuto,18,189
Contenuto,18,190
Contenuto,18,191
Contenuto,18,192
Contenuto,18,193
Contenuto,18,194
Contenuto,18,195
Contenuto,18,196
Contenuto,18,197
Contenuto,18,198
Contenuto,18,199
Contenuto,18,200
Contenuto,18,201
Contenuto,19,202
Contenuto,19,203
Contenuto,19,204
Contenuto,19,205
Contenuto,19,206
Contenuto,19,207
Contenuto,19,208
Contenuto,19,209
Contenuto,19,210
Contenuto,19,211
Contenuto,19,212
Contenuto,19,213
Contenuto,19,214
Contenuto,20,215
Contenuto,20,216
Contenuto,20,217
Contenuto,20,218
Contenuto,20,219
Contenuto,20,220
Contenuto,20,221
Contenuto,20,222
Contenuto,20,223
Contenuto,20,224
Contenuto,20,225
Contenuto,21,226
Contenuto,21,227
Contenuto,21,228
Contenuto,21,229
Contenuto,21,230
Contenuto,21,231
Contenuto,21,232
Contenuto,21,233
Contenuto,22,234
Contenuto,22,235
Contenuto,22,236
Contenuto,22,237
Contenuto,22,238
Contenuto,22,239
Contenuto,22,240
Contenuto,22,241
Contenuto,22,242
Contenuto,23,243
Contenuto,23,244
Contenuto,23,245
Contenuto,23,246
Contenuto,23,247
Contenuto,23,248
Contenuto,23,249
Contenuto,23,250
Contenuto,24,251
Contenuto,24,252
Contenuto,24,253
Contenuto,24,254
Contenuto,24,255
Contenuto,24,256
Contenuto,24,257
Contenuto,24,258
Contenuto,25,259
Contenuto,25,260
Contenuto,25,261
Contenuto,25,262
Contenuto,25,263
Contenuto,25,264
Contenuto,25,265
Contenuto,25,266
Contenuto,25,267
Contenuto,26,268
Contenuto,26,269
Contenuto,26,270
Contenuto,26,271
Contenuto,26,272
Contenuto,26,273
Contenuto,26,274
Contenuto,26,275
Contenuto,26,276
Contenuto,26,277
Contenuto,26,278
Contenuto,27,279
Contenuto,27,280
Contenuto,27,281
Contenuto,27,282
Contenuto,27,283
Contenuto,27,284
Contenuto,27,285
Contenuto,27,286
Contenuto,27,287
Contenuto,27,288
Contenuto,27,289
Contenuto,28,290
Contenuto,28,291
Contenuto,28,292
Contenuto,28,293
Contenuto,28,294
Contenuto,28,295
Contenuto,28,296
Contenuto,28,297
Contenuto,28,298
Contenuto,28,299
Contenuto,28,300
Contenuto,29,301
Contenuto,29,302
Contenuto,29,303
Contenuto,29,304
Contenuto,29,305
Contenuto,29,306
Contenuto,29,307
Contenuto,29,308
Contenuto,29,309
Contenuto,29,310
Contenuto,29,311
Contenuto,30,312
Contenuto,30,313
Contenuto,30,314
Contenuto,30,315
Contenuto,30,316
Contenuto,30,317
Contenuto,30,318
Contenuto,30,319
Contenuto,30,320
Contenuto,30,321
Contenuto,30,322
Contenuto,31,323
Contenuto,31,324
Contenuto,31,325
Contenuto,31,326
Contenuto,31,327
Contenuto,31,328
Contenuto,31,329
Contenuto,31,330
Contenuto,31,331
Contenuto,31,332
Contenuto,31,333
Contenuto,31,334
Contenuto,32,335
Contenuto,32,336
Contenuto,32,337
Contenuto,32,338
Contenuto,32,339
Contenuto,32,340
Contenuto,32,341
Contenuto,32,342
Contenuto,32,343
Contenuto,32,344
Contenuto,32,345
Contenuto,32,346
Contenuto,32,347
Contenuto,33,348
Contenuto,33,349
Contenuto,33,350
Contenuto,33,351
Contenuto,33,352
Contenuto,33,353
Contenuto,33,354
Contenuto,33,355
Contenuto,33,356
Contenuto,33,357
Contenuto,33,358
Contenuto,33,359
Contenuto,34,360
Contenuto,34,361
Contenuto,34,362
Contenuto,34,363
Contenuto,34,364
Contenuto,34,365
Contenuto,34,366
Contenuto,34,367
Contenuto,34,368
Contenuto,34,369
Contenuto,34,370
Contenuto,34,371
Contenuto,34,372
Contenuto,34,373
Contenuto,34,374
Contenuto,35,375
Contenuto,35,376
Contenuto,35,377
Contenuto,35,378
Contenuto,35,379
Contenuto,35,380
Contenuto,35,381
Contenuto,35,382
Contenuto,35,383
Contenuto,35,384
Contenuto,35,385
Contenuto,35,386
Contenuto,36,387
Contenuto,36,388
Contenuto,36,389
Contenuto,36,390
Contenuto,36,391
Contenuto,36,392
Contenuto,36,393
Contenuto,36,394
Contenuto,37,395
Contenuto,37,396
Contenuto,37,397
Contenuto,37,398
Contenuto,37,399
Contenuto,37,400
Contenuto,37,401
Contenuto,37,402
Contenuto,37,403
Contenuto,37,404
Contenuto,38,405
Contenuto,38,406
Contenuto,38,407
Contenuto,38,408
Contenuto,38,409
Contenuto,38,410
Contenuto,38,411
Contenuto,38,412
Contenuto,38,413
Contenuto,38,414
Contenuto,38,415
Contenuto,38,416
Contenuto,39,417
Contenuto,39,418
Contenuto,39,419
Contenuto,39,420
Contenuto,39,421
Contenuto,39,422
Contenuto,39,423
Contenuto,39,424
Contenuto,39,425
Contenuto,39,426
Contenuto,39,427
Contenuto,39,428
Contenuto,39,429
Contenuto,40,430
Contenuto,40,431
Contenuto,40,432
Contenuto,40,433
Contenuto,40,434
Contenuto,40,435
Contenuto,40,436
Contenuto,40,437
Contenuto,40,438
Contenuto,40,439
Contenuto,40,440
Contenuto,40,441
Contenuto,40,442
Contenuto,40,443
Contenuto,41,444
Contenuto,41,445
Contenuto,41,446
Contenuto,41,447
Contenuto,41,448
Contenuto,41,449
Contenuto,41,450
Contenuto,41,451
Contenuto,41,452
Contenuto,41,453
Contenuto,41,454
Contenuto,41,455
Contenuto,41,456
Contenuto,42,457
Contenuto,42,458
Contenuto,42,459
Contenuto,42,460
Contenuto,42,461
Contenuto,42,462
Contenuto,42,463
Contenuto,42,464
Contenuto,42,465
Contenuto,42,466
Contenuto,42,467
Contenuto,43,468
Contenuto,43,469
Contenuto,43,470
Contenuto,43,471
Contenuto,43,472
Contenuto,43,473
Contenuto,43,474
Contenuto,43,475
Contenuto,43,476
Contenuto,43,477
Contenuto,43,478
Contenuto,43,479
Contenuto,43,480
Contenuto,43,481
Contenuto,43,482
Contenuto,43,483
Contenuto,44,484
Contenuto,44,485
Contenuto,44,486
Contenuto,44,487
Contenuto,44,488
Contenuto,44,489
Contenuto,44,490
Contenuto,44,491
Contenuto,44,492
Contenuto,44,493
Contenuto,44,494
Contenuto,44,495
Contenuto,44,496
Contenuto,44,497
Contenuto,44,498
Contenuto,44,499
Contenuto,44,500
Contenuto,45,501
Contenuto,45,502
Contenuto,45,503
Contenuto,45,504
Contenuto,45,505
Contenuto,45,506
Contenuto,45,507
Contenuto,45,508
Contenuto,45,509
Contenuto,45,510
Contenuto,45,511
Contenuto,45,512
Contenuto,45,513
Contenuto,45,514
Contenuto,46,515
Contenuto,46,516
Contenuto,46,517
Contenuto,46,518
Contenuto,46,519
Contenuto,46,520
Contenuto,46,521
Contenuto,46,522
Contenuto,46,523
Contenuto,46,524
Contenuto,46,525
Contenuto,47,526
Contenuto,47,527
Contenuto,47,528
Contenuto,47,529
Contenuto,47,530
Contenuto,47,531
Contenuto,47,532
Contenuto,47,533
Contenuto,47,534
Contenuto,47,535
Contenuto,48,536
Contenuto,48,537
Contenuto,48,538
Contenuto,48,539
Contenuto,48,540
Contenuto,48,541
Contenuto,48,542
Contenuto,48,543
Contenuto,48,544
Contenuto,48,545
Contenuto,48,546
Contenuto,48,547
Contenuto,49,548
Contenuto,49,549
Contenuto,49,550
Contenuto,49,551
Contenuto,49,552
Contenuto,49,553
Contenuto,49,554
Contenuto,49,555
Contenuto,49,556
Contenuto,49,557
Contenuto,49,558
Contenuto,49,559
Contenuto,50,560
Contenuto,50,561
Contenuto,50,562
Contenuto,50,563
Contenuto,50,564
Contenuto,50,565
Contenuto,50,566
Contenuto,50,567
Contenuto,50,568
Contenuto,50,569
Contenuto,50,570
Contenuto,50,571
Contenuto,50,572
Contenuto,50,573
Contenuto,50,574