Tag,Tag
Tag,Speed Metal
Tag,Thrash Metal
Tag,Hard Rock
Tag,Pop Rock
Tag,Progressive Metal
Tag,Heavy Metal
Tag,Progressive Rock
Tag,Pop
Tag,Arena Rock
Tag,Inglese
Tag,Megaforce
Tag,Elektra
Tag,EMI
Tag,Hollywood Records
Tag,Sleaze Metal
Tag,Geffen
Tag,Musica Acustica
Tag,Punk Rock
Tag,Italiano
Tag,WEA Italiana
Tag,Zoo Aperto
Tag,Rock
Tag,Alternative Country
Tag,Rock And Roll
Tag,Grunge
Tag,Warner Bros.
Tag,Musica D:Autore
Tag,Lotus LOP
Tag,Lotus Records
Tag,Targa
Tag,Carosello
Tag,Industrial Metal
Tag,Alternative Metal
Tag,Neue Deutsche Harte
Tag,Motor Music
Tag,Tedesco
Tag,Gothic Metal
Tag,Universal
Tag,Nu Metal
Tag,Rap Metal
Tag,Rap Rock
Tag,Alternative Rock
Tag,Electronic Rock
Tag,Experimental Rock
Tag,CGD
Tag,Musica Classica
Tag,Sugar
Tag,Polygram International
Tag,Opera Lirica
Tag,Philips Records
Tag,Musica Latina
Tag,Pop Latino
Tag,Sony Music
Tag,Spagnolo